-- ============================================================
-- KP AMS — Data Restoration (Apex, Zenith, Nova, Sterling, Meridian)
-- ============================================================

-- 1. Restore Clients
INSERT INTO clients (id, name, gstn, status, added_by) VALUES
('10000000-0000-0000-0000-000000000001', 'Meridian Technologies Pvt Ltd', '27AABCM1234A1Z5', 'active', '00000000-0000-0000-0000-000000000008'),
('10000000-0000-0000-0000-000000000002', 'Apex Infrastructure Ltd', '29AABCA5678B2Z3', 'active', '00000000-0000-0000-0000-000000000009'),
('10000000-0000-0000-0000-000000000003', 'Sterling Finance Corporation', '07AABCS9012C3Z1', 'active', '00000000-0000-0000-0000-000000000010'),
('10000000-0000-0000-0000-000000000004', 'Nova Healthcare Systems', '24AABCN3456D4Z8', 'prospect', '00000000-0000-0000-0000-000000000011'),
('10000000-0000-0000-0000-000000000005', 'Zenith Retail Ventures', '06AABCZ7890E5Z6', 'active', '00000000-0000-0000-0000-000000000012')
ON CONFLICT (id) DO UPDATE SET name = EXCLUDED.name, gstn = EXCLUDED.gstn, status = EXCLUDED.status;

-- 2. Restore Proposals
INSERT INTO proposals (id, number, client_id, proposal_type, assignment_type, quotation_amount, proposal_date, prepared_by, responsible_partner, status, status_date, fiscal_year, scope_areas) VALUES
('20000000-0000-0000-0000-000000000001', 'KP/IA/2025-26/001', '10000000-0000-0000-0000-000000000001', 'new', 'internal_audit', 1200000, '2025-04-15', '00000000-0000-0000-0000-000000000008', '00000000-0000-0000-0000-000000000002', 'won', '2025-05-01', '2025-26', 'Accounts Payable, Accounts Receivable, Inventory Management'),
('20000000-0000-0000-0000-000000000002', 'KP/IFC/2025-26/001', '10000000-0000-0000-0000-000000000001', 'new', 'ifc', 800000, '2025-04-20', '00000000-0000-0000-0000-000000000009', '00000000-0000-0000-0000-000000000002', 'won', '2025-05-10', '2025-26', 'IFC Testing across all financial processes'),
('20000000-0000-0000-0000-000000000003', 'KP/IA/2025-26/002', '10000000-0000-0000-0000-000000000002', 'renewal', 'internal_audit', 1500000, '2025-04-25', '00000000-0000-0000-0000-000000000010', '00000000-0000-0000-0000-000000000003', 'won', '2025-05-15', '2025-26', 'Full Scope Internal Audit - All Departments'),
('20000000-0000-0000-0000-000000000004', 'KP/FOR/2025-26/001', '10000000-0000-0000-0000-000000000003', 'new', 'forensic', 2500000, '2025-05-01', '00000000-0000-0000-0000-000000000011', '00000000-0000-0000-0000-000000000003', 'won', '2025-05-20', '2025-26', 'Forensic Investigation - Revenue Leakage'),
('20000000-0000-0000-0000-000000000005', 'KP/IA/2025-26/003', '10000000-0000-0000-0000-000000000005', 'new', 'internal_audit', 900000, '2025-05-10', '00000000-0000-0000-0000-000000000012', '00000000-0000-0000-0000-000000000002', 'won', '2025-06-01', '2025-26', 'Retail Operations, Supply Chain, IT Audit')
ON CONFLICT (id) DO UPDATE SET status = EXCLUDED.status;

-- 3. Restore Assignments with Billed Amount and Amount Receipt
INSERT INTO assignments (id, proposal_id, client_id, gstn, category, total_fees, billing_cycle, partner_id, manager_id, status, start_date, fiscal_year, scope_areas, billed_amount, amount_receipt, created_by) VALUES
('30000000-0000-0000-0000-000000000001', '20000000-0000-0000-0000-000000000001', '10000000-0000-0000-0000-000000000001', '27AABCM1234A1Z5', 'A', 1200000, 'monthly', '00000000-0000-0000-0000-000000000002', '00000000-0000-0000-0000-000000000008', 'active', '2025-05-01', '2025-26', 'Accounts Payable, Accounts Receivable, Inventory Management', 450000, 400000, '00000000-0000-0000-0000-000000000001'),
('30000000-0000-0000-0000-000000000002', '20000000-0000-0000-0000-000000000002', '10000000-0000-0000-0000-000000000001', '27AABCM1234A1Z5', 'B', 800000, 'quarterly', '00000000-0000-0000-0000-000000000002', '00000000-0000-0000-0000-000000000009', 'active', '2025-05-10', '2025-26', 'IFC Testing across all financial processes', 200000, 200000, '00000000-0000-0000-0000-000000000001'),
('30000000-0000-0000-0000-000000000003', '20000000-0000-0000-0000-000000000003', '10000000-0000-0000-0000-000000000002', '29AABCA5678B2Z3', 'A', 1500000, 'monthly', '00000000-0000-0000-0000-000000000003', '00000000-0000-0000-0000-000000000010', 'active', '2025-05-15', '2025-26', 'Full Scope Internal Audit - All Departments', 500000, 450000, '00000000-0000-0000-0000-000000000001'),
('30000000-0000-0000-0000-000000000004', '20000000-0000-0000-0000-000000000004', '10000000-0000-0000-0000-000000000003', '07AABCS9012C3Z1', 'C', 2500000, 'one_time', '00000000-0000-0000-0000-000000000003', '00000000-0000-0000-0000-000000000011', 'active', '2025-05-20', '2025-26', 'Forensic Investigation - Revenue Leakage', 2500000, 2500000, '00000000-0000-0000-0000-000000000001'),
('30000000-0000-0000-0000-000000000005', '20000000-0000-0000-0000-000000000005', '10000000-0000-0000-0000-000000000005', '06AABCZ7890E5Z6', 'A', 900000, 'monthly', '00000000-0000-0000-0000-000000000002', '00000000-0000-0000-0000-000000000012', 'active', '2025-06-01', '2025-26', 'Retail Operations, Supply Chain, IT Audit', 300000, 250000, '00000000-0000-0000-0000-000000000001')
ON CONFLICT (id) DO UPDATE SET billed_amount = EXCLUDED.billed_amount, amount_receipt = EXCLUDED.amount_receipt;

-- 4. Restore Fee Allocations
-- Simplified for restoration
INSERT INTO fee_allocations (assignment_id, month, fiscal_year, amount, billed_amount) VALUES
('30000000-0000-0000-0000-000000000001', 1, '2025-26', 100000, 100000),
('30000000-0000-0000-0000-000000000001', 2, '2025-26', 100000, 100000),
('30000000-0000-0000-0000-000000000001', 3, '2025-26', 100000, 100000),
('30000000-0000-0000-0000-000000000001', 4, '2025-26', 100000, 100000),
('30000000-0000-0000-0000-000000000002', 3, '2025-26', 200000, 200000),
('30000000-0000-0000-0000-000000000003', 1, '2025-26', 125000, 125000),
('30000000-0000-0000-0000-000000000003', 2, '2025-26', 125000, 125000),
('30000000-0000-0000-0000-000000000004', 2, '2025-26', 2500000, 2500000)
ON CONFLICT DO NOTHING;
